{"a": [0.099, 0.08166999999999999, 0.07094], "b": [0.0147, 0.01492, 0.01886], "c": [0.0436, 0.02782, 0.02732], "d": [0.0325, 0.04253, 0.05076], "e": [0.0877, 0.12702, 0.16396], "f": [0.003, 0.02228, 0.01656], "g": [0.014199999999999999, 0.02015, 0.03009], "h": [0.0108, 0.06094, 0.04577], "i": [0.0821, 0.06966, 0.0655], "j": [0.022799999999999997, 0.00153, 0.00268], "k": [0.0351, 0.00772, 0.01417], "l": [0.0392, 0.04025, 0.03437], "m": [0.027999999999999997, 0.02406, 0.025339999999999998], "n": [0.0572, 0.06749, 0.09776], "o": [0.086, 0.07507, 0.030369999999999998], "p": [0.0313, 0.01929, 0.0067], "q": [0.0014000000000000002, 0.00095, 0.00017999999999999998], "r": [0.046900000000000004, 0.05987, 0.07003], "s": [0.049800000000000004, 0.06326999999999999, 0.07577], "t": [0.0398, 0.09055999999999999, 0.06154], "u": [0.025, 0.02758, 0.051609999999999996], "v": [0.0004, 0.00978, 0.00846], "w": [0.04650000000000001, 0.0236, 0.01921], "x": [0.0002, 0.0015, 0.00034], "y": [0.037599999999999995, 0.01974, 0.00039], "z": [0.0653, 0.00074, 0.01134]}